role family,seniority level,location,salary
Software Engineer,Junior,US,76600
Software Engineer,Junior,EU,45700
Software Engineer,Junior,Worldwide,49600
Software Engineer,Junior,Canada,55500
Software Engineer,Junior,UAE,52800
Software Engineer,Junior,Thailand,22500
Software Engineer,Junior,Costa Rica,47000
Software Engineer,Junior,Andorra,31900
Software Engineer,Junior,Austria,57000
Software Engineer,Junior,Belgium,62700
Software Engineer,Junior,Croatia,24900
Software Engineer,Junior,Czechia,33700
Software Engineer,Junior,Denmark,63000
Software Engineer,Junior,Estonia,28600
Software Engineer,Junior,Finland,59600
Software Engineer,Junior,France,52900
Software Engineer,Junior,Germany,66600
Software Engineer,Junior,Hungary,28300
Software Engineer,Junior,Iceland,75400
Software Engineer,Junior,Ireland,61400
Software Engineer,Junior,Italy,47200
Software Engineer,Junior,Latvia,25100
Software Engineer,Junior,Liechtenstein,70700
Software Engineer,Junior,Lithuania,26700
Software Engineer,Junior,Luxembourg,80900
Software Engineer,Junior,Malta,38900
Software Engineer,Junior,Monaco,52500
Software Engineer,Junior,Netherlands,59100
Software Engineer,Junior,Norway,60800
Software Engineer,Junior,Poland,39500
Software Engineer,Junior,Portugal,35800
Software Engineer,Junior,San Marino,38500
Software Engineer,Junior,Slovakia,30200
Software Engineer,Junior,Slovenia,35800
Software Engineer,Junior,Spain,45400
Software Engineer,Junior,Sweden,46900
Software Engineer,Junior,Switzerland,93800
Software Engineer,Junior,United Kingdom,58100
Software Engineer,Mid,US,109500
Software Engineer,Mid,EU,65100
Software Engineer,Mid,Worldwide,70700
Software Engineer,Mid,Canada,79200
Software Engineer,Mid,UAE,75000
Software Engineer,Mid,Thailand,32000
Software Engineer,Mid,Costa Rica,66700
Software Engineer,Mid,Andorra,45600
Software Engineer,Mid,Austria,81400
Software Engineer,Mid,Belgium,89700
Software Engineer,Mid,Croatia,35600
Software Engineer,Mid,Czechia,48200
Software Engineer,Mid,Denmark,90000
Software Engineer,Mid,Estonia,40800
Software Engineer,Mid,Finland,85300
Software Engineer,Mid,France,75700
Software Engineer,Mid,Germany,95100
Software Engineer,Mid,Hungary,40300
Software Engineer,Mid,Iceland,107400
Software Engineer,Mid,Ireland,87700
Software Engineer,Mid,Italy,67500
Software Engineer,Mid,Latvia,35700
Software Engineer,Mid,Liechtenstein,99700
Software Engineer,Mid,Lithuania,38000
Software Engineer,Mid,Luxembourg,115600
Software Engineer,Mid,Malta,55800
Software Engineer,Mid,Monaco,75000
Software Engineer,Mid,Netherlands,84500
Software Engineer,Mid,Norway,86900
Software Engineer,Mid,Poland,56400
Software Engineer,Mid,Portugal,51200
Software Engineer,Mid,San Marino,55000
Software Engineer,Mid,Slovakia,43100
Software Engineer,Mid,Slovenia,46500
Software Engineer,Mid,Spain,64900
Software Engineer,Mid,Sweden,67000
Software Engineer,Mid,Switzerland,134500
Software Engineer,Mid,United Kingdom,83000
Software Engineer,Senior,US,124300
Software Engineer,Senior,EU,73900
Software Engineer,Senior,Worldwide,80300
Software Engineer,Senior,Canada,89600
Software Engineer,Senior,UAE,86100
Software Engineer,Senior,Thailand,36800
Software Engineer,Senior,Costa Rica,76800
Software Engineer,Senior,Andorra,51500
Software Engineer,Senior,Austria,92000
Software Engineer,Senior,Belgium,101100
Software Engineer,Senior,Croatia,40000
Software Engineer,Senior,Czechia,54500
Software Engineer,Senior,Denmark,101600
Software Engineer,Senior,Estonia,46300
Software Engineer,Senior,Finland,96200
Software Engineer,Senior,France,85500
Software Engineer,Senior,Germany,107500
Software Engineer,Senior,Hungary,45900
Software Engineer,Senior,Iceland,122600
Software Engineer,Senior,Ireland,99600
Software Engineer,Senior,Italy,76100
Software Engineer,Senior,Latvia,40700
Software Engineer,Senior,Liechtenstein,114100
Software Engineer,Senior,Lithuania,43300
Software Engineer,Senior,Luxembourg,130700
Software Engineer,Senior,Malta,62700
Software Engineer,Senior,Monaco,84800
Software Engineer,Senior,Netherlands,95500
Software Engineer,Senior,Norway,98300
Software Engineer,Senior,Poland,64100
Software Engineer,Senior,Portugal,57600
Software Engineer,Senior,San Marino,62200
Software Engineer,Senior,Slovakia,48700
Software Engineer,Senior,Slovenia,60500
Software Engineer,Senior,Spain,73200
Software Engineer,Senior,Sweden,75700
Software Engineer,Senior,Switzerland,151200
Software Engineer,Senior,United Kingdom,93900
Software Engineer,Lead,US,142900
Software Engineer,Lead,EU,85000
Software Engineer,Lead,Worldwide,92400
Software Engineer,Lead,Canada,103000
Software Engineer,Lead,UAE,99000
Software Engineer,Lead,Thailand,42400
Software Engineer,Lead,Costa Rica,88300
Software Engineer,Lead,Andorra,59200
Software Engineer,Lead,Austria,105700
Software Engineer,Lead,Belgium,116300
Software Engineer,Lead,Croatia,46100
Software Engineer,Lead,Czechia,62600
Software Engineer,Lead,Denmark,116900
Software Engineer,Lead,Estonia,53300
Software Engineer,Lead,Finland,110600
Software Engineer,Lead,France,98300
Software Engineer,Lead,Germany,123700
Software Engineer,Lead,Hungary,52800
Software Engineer,Lead,Iceland,141000
Software Engineer,Lead,Ireland,114500
Software Engineer,Lead,Italy,87600
Software Engineer,Lead,Latvia,46800
Software Engineer,Lead,Liechtenstein,131300
Software Engineer,Lead,Lithuania,49800
Software Engineer,Lead,Luxembourg,150400
Software Engineer,Lead,Malta,72200
Software Engineer,Lead,Monaco,97500
Software Engineer,Lead,Netherlands,109800
Software Engineer,Lead,Norway,113000
Software Engineer,Lead,Poland,73700
Software Engineer,Lead,Portugal,66300
Software Engineer,Lead,San Marino,71500
Software Engineer,Lead,Slovakia,56000
Software Engineer,Lead,Slovenia,69600
Software Engineer,Lead,Spain,84200
Software Engineer,Lead,Sweden,87000
Software Engineer,Lead,Switzerland,173900
Software Engineer,Lead,United Kingdom,108000
Backend Engineer,Junior,US,72800
Backend Engineer,Junior,EU,43400
Backend Engineer,Junior,Worldwide,47100
Backend Engineer,Junior,Canada,52700
Backend Engineer,Junior,UAE,50100
Backend Engineer,Junior,Thailand,21400
Backend Engineer,Junior,Costa Rica,44700
Backend Engineer,Junior,Andorra,30300
Backend Engineer,Junior,Austria,54100
Backend Engineer,Junior,Belgium,59600
Backend Engineer,Junior,Croatia,23600
Backend Engineer,Junior,Czechia,32100
Backend Engineer,Junior,Denmark,59800
Backend Engineer,Junior,Estonia,27100
Backend Engineer,Junior,Finland,56600
Backend Engineer,Junior,France,50300
Backend Engineer,Junior,Germany,63200
Backend Engineer,Junior,Hungary,26900
Backend Engineer,Junior,Iceland,71600
Backend Engineer,Junior,Ireland,58300
Backend Engineer,Junior,Italy,44800
Backend Engineer,Junior,Latvia,23800
Backend Engineer,Junior,Liechtenstein,67100
Backend Engineer,Junior,Lithuania,25400
Backend Engineer,Junior,Luxembourg,76900
Backend Engineer,Junior,Malta,37000
Backend Engineer,Junior,Monaco,49900
Backend Engineer,Junior,Netherlands,56200
Backend Engineer,Junior,Norway,57800
Backend Engineer,Junior,Poland,37500
Backend Engineer,Junior,Portugal,34000
Backend Engineer,Junior,San Marino,36600
Backend Engineer,Junior,Slovakia,28700
Backend Engineer,Junior,Slovenia,34000
Backend Engineer,Junior,Spain,43100
Backend Engineer,Junior,Sweden,44500
Backend Engineer,Junior,Switzerland,89200
Backend Engineer,Junior,United Kingdom,55200
Backend Engineer,Mid,US,104000
Backend Engineer,Mid,EU,61800
Backend Engineer,Mid,Worldwide,67200
Backend Engineer,Mid,Canada,75300
Backend Engineer,Mid,UAE,71300
Backend Engineer,Mid,Thailand,30400
Backend Engineer,Mid,Costa Rica,63400
Backend Engineer,Mid,Andorra,43300
Backend Engineer,Mid,Austria,77400
Backend Engineer,Mid,Belgium,85200
Backend Engineer,Mid,Croatia,33800
Backend Engineer,Mid,Czechia,45800
Backend Engineer,Mid,Denmark,85500
Backend Engineer,Mid,Estonia,38700
Backend Engineer,Mid,Finland,81100
Backend Engineer,Mid,France,71900
Backend Engineer,Mid,Germany,90400
Backend Engineer,Mid,Hungary,38300
Backend Engineer,Mid,Iceland,102100
Backend Engineer,Mid,Ireland,83300
Backend Engineer,Mid,Italy,64100
Backend Engineer,Mid,Latvia,33900
Backend Engineer,Mid,Liechtenstein,94700
Backend Engineer,Mid,Lithuania,36100
Backend Engineer,Mid,Luxembourg,109900
Backend Engineer,Mid,Malta,53000
Backend Engineer,Mid,Monaco,71200
Backend Engineer,Mid,Netherlands,80300
Backend Engineer,Mid,Norway,82600
Backend Engineer,Mid,Poland,53600
Backend Engineer,Mid,Portugal,48600
Backend Engineer,Mid,San Marino,52200
Backend Engineer,Mid,Slovakia,41000
Backend Engineer,Mid,Slovenia,44100
Backend Engineer,Mid,Spain,61700
Backend Engineer,Mid,Sweden,63700
Backend Engineer,Mid,Switzerland,127700
Backend Engineer,Mid,United Kingdom,78900
Backend Engineer,Senior,US,118100
Backend Engineer,Senior,EU,70200
Backend Engineer,Senior,Worldwide,76300
Backend Engineer,Senior,Canada,85100
Backend Engineer,Senior,UAE,81800
Backend Engineer,Senior,Thailand,35000
Backend Engineer,Senior,Costa Rica,73000
Backend Engineer,Senior,Andorra,48900
Backend Engineer,Senior,Austria,87400
Backend Engineer,Senior,Belgium,96100
Backend Engineer,Senior,Croatia,38000
Backend Engineer,Senior,Czechia,51700
Backend Engineer,Senior,Denmark,96500
Backend Engineer,Senior,Estonia,44000
Backend Engineer,Senior,Finland,91400
Backend Engineer,Senior,France,81200
Backend Engineer,Senior,Germany,102200
Backend Engineer,Senior,Hungary,43600
Backend Engineer,Senior,Iceland,116500
Backend Engineer,Senior,Ireland,94600
Backend Engineer,Senior,Italy,72300
Backend Engineer,Senior,Latvia,38700
Backend Engineer,Senior,Liechtenstein,108400
Backend Engineer,Senior,Lithuania,41100
Backend Engineer,Senior,Luxembourg,124200
Backend Engineer,Senior,Malta,59600
Backend Engineer,Senior,Monaco,80500
Backend Engineer,Senior,Netherlands,90700
Backend Engineer,Senior,Norway,93300
Backend Engineer,Senior,Poland,60900
Backend Engineer,Senior,Portugal,54800
Backend Engineer,Senior,San Marino,59000
Backend Engineer,Senior,Slovakia,46300
Backend Engineer,Senior,Slovenia,57500
Backend Engineer,Senior,Spain,69500
Backend Engineer,Senior,Sweden,71900
Backend Engineer,Senior,Switzerland,143700
Backend Engineer,Senior,United Kingdom,89200
Backend Engineer,Lead,US,135800
Backend Engineer,Lead,EU,80700
Backend Engineer,Lead,Worldwide,87700
Backend Engineer,Lead,Canada,97900
Backend Engineer,Lead,UAE,94100
Backend Engineer,Lead,Thailand,40200
Backend Engineer,Lead,Costa Rica,83900
Backend Engineer,Lead,Andorra,56300
Backend Engineer,Lead,Austria,100500
Backend Engineer,Lead,Belgium,110500
Backend Engineer,Lead,Croatia,43800
Backend Engineer,Lead,Czechia,59500
Backend Engineer,Lead,Denmark,111000
Backend Engineer,Lead,Estonia,50600
Backend Engineer,Lead,Finland,105100
Backend Engineer,Lead,France,93400
Backend Engineer,Lead,Germany,117500
Backend Engineer,Lead,Hungary,50200
Backend Engineer,Lead,Iceland,134000
Backend Engineer,Lead,Ireland,108800
Backend Engineer,Lead,Italy,83200
Backend Engineer,Lead,Latvia,44500
Backend Engineer,Lead,Liechtenstein,124700
Backend Engineer,Lead,Lithuania,47300
Backend Engineer,Lead,Luxembourg,142800
Backend Engineer,Lead,Malta,68500
Backend Engineer,Lead,Monaco,92600
Backend Engineer,Lead,Netherlands,104300
Backend Engineer,Lead,Norway,107300
Backend Engineer,Lead,Poland,70000
Backend Engineer,Lead,Portugal,63000
Backend Engineer,Lead,San Marino,67900
Backend Engineer,Lead,Slovakia,53200
Backend Engineer,Lead,Slovenia,66100
Backend Engineer,Lead,Spain,79900
Backend Engineer,Lead,Sweden,82700
Backend Engineer,Lead,Switzerland,165200
Backend Engineer,Lead,United Kingdom,102600
Data Engineer,Junior,US,76600
Data Engineer,Junior,EU,45700
Data Engineer,Junior,Worldwide,49600
Data Engineer,Junior,Canada,55500
Data Engineer,Junior,UAE,52800
Data Engineer,Junior,Thailand,22500
Data Engineer,Junior,Costa Rica,47000
Data Engineer,Junior,Andorra,31900
Data Engineer,Junior,Austria,57000
Data Engineer,Junior,Belgium,62700
Data Engineer,Junior,Croatia,24900
Data Engineer,Junior,Czechia,33700
Data Engineer,Junior,Denmark,63000
Data Engineer,Junior,Estonia,28600
Data Engineer,Junior,Finland,59600
Data Engineer,Junior,France,52900
Data Engineer,Junior,Germany,66600
Data Engineer,Junior,Hungary,28300
Data Engineer,Junior,Iceland,75400
Data Engineer,Junior,Ireland,61400
Data Engineer,Junior,Italy,47200
Data Engineer,Junior,Latvia,25100
Data Engineer,Junior,Liechtenstein,70700
Data Engineer,Junior,Lithuania,26700
Data Engineer,Junior,Luxembourg,80900
Data Engineer,Junior,Malta,38900
Data Engineer,Junior,Monaco,52500
Data Engineer,Junior,Netherlands,59100
Data Engineer,Junior,Norway,60800
Data Engineer,Junior,Poland,39500
Data Engineer,Junior,Portugal,35800
Data Engineer,Junior,San Marino,38500
Data Engineer,Junior,Slovakia,30200
Data Engineer,Junior,Slovenia,35800
Data Engineer,Junior,Spain,45400
Data Engineer,Junior,Sweden,46900
Data Engineer,Junior,Switzerland,93800
Data Engineer,Junior,United Kingdom,58100
Data Engineer,Mid,US,109500
Data Engineer,Mid,EU,65100
Data Engineer,Mid,Worldwide,70700
Data Engineer,Mid,Canada,79200
Data Engineer,Mid,UAE,75000
Data Engineer,Mid,Thailand,32000
Data Engineer,Mid,Costa Rica,66700
Data Engineer,Mid,Andorra,45600
Data Engineer,Mid,Austria,81400
Data Engineer,Mid,Belgium,89700
Data Engineer,Mid,Croatia,35600
Data Engineer,Mid,Czechia,48200
Data Engineer,Mid,Denmark,90000
Data Engineer,Mid,Estonia,40800
Data Engineer,Mid,Finland,85300
Data Engineer,Mid,France,75700
Data Engineer,Mid,Germany,95100
Data Engineer,Mid,Hungary,40300
Data Engineer,Mid,Iceland,107400
Data Engineer,Mid,Ireland,87700
Data Engineer,Mid,Italy,67500
Data Engineer,Mid,Latvia,35700
Data Engineer,Mid,Liechtenstein,99700
Data Engineer,Mid,Lithuania,38000
Data Engineer,Mid,Luxembourg,115600
Data Engineer,Mid,Malta,55800
Data Engineer,Mid,Monaco,75000
Data Engineer,Mid,Netherlands,84500
Data Engineer,Mid,Norway,86900
Data Engineer,Mid,Poland,56400
Data Engineer,Mid,Portugal,51200
Data Engineer,Mid,San Marino,55000
Data Engineer,Mid,Slovakia,43100
Data Engineer,Mid,Slovenia,46500
Data Engineer,Mid,Spain,64900
Data Engineer,Mid,Sweden,67000
Data Engineer,Mid,Switzerland,134500
Data Engineer,Mid,United Kingdom,83000
Data Engineer,Senior,US,124300
Data Engineer,Senior,EU,73900
Data Engineer,Senior,Worldwide,80300
Data Engineer,Senior,Canada,89600
Data Engineer,Senior,UAE,86100
Data Engineer,Senior,Thailand,36800
Data Engineer,Senior,Costa Rica,76800
Data Engineer,Senior,Andorra,51500
Data Engineer,Senior,Austria,92000
Data Engineer,Senior,Belgium,101100
Data Engineer,Senior,Croatia,40000
Data Engineer,Senior,Czechia,54500
Data Engineer,Senior,Denmark,101600
Data Engineer,Senior,Estonia,46300
Data Engineer,Senior,Finland,96200
Data Engineer,Senior,France,85500
Data Engineer,Senior,Germany,107500
Data Engineer,Senior,Hungary,45900
Data Engineer,Senior,Iceland,122600
Data Engineer,Senior,Ireland,99600
Data Engineer,Senior,Italy,76100
Data Engineer,Senior,Latvia,40700
Data Engineer,Senior,Liechtenstein,114100
Data Engineer,Senior,Lithuania,43300
Data Engineer,Senior,Luxembourg,130700
Data Engineer,Senior,Malta,62700
Data Engineer,Senior,Monaco,84800
Data Engineer,Senior,Netherlands,95500
Data Engineer,Senior,Norway,98300
Data Engineer,Senior,Poland,64100
Data Engineer,Senior,Portugal,57600
Data Engineer,Senior,San Marino,62200
Data Engineer,Senior,Slovakia,48700
Data Engineer,Senior,Slovenia,60500
Data Engineer,Senior,Spain,73200
Data Engineer,Senior,Sweden,75700
Data Engineer,Senior,Switzerland,151200
Data Engineer,Senior,United Kingdom,93900
Data Engineer,Lead,US,142900
Data Engineer,Lead,EU,85000
Data Engineer,Lead,Worldwide,92400
Data Engineer,Lead,Canada,103000
Data Engineer,Lead,UAE,99000
Data Engineer,Lead,Thailand,42400
Data Engineer,Lead,Costa Rica,88300
Data Engineer,Lead,Andorra,59200
Data Engineer,Lead,Austria,105700
Data Engineer,Lead,Belgium,116300
Data Engineer,Lead,Croatia,46100
Data Engineer,Lead,Czechia,62600
Data Engineer,Lead,Denmark,116900
Data Engineer,Lead,Estonia,53300
Data Engineer,Lead,Finland,110600
Data Engineer,Lead,France,98300
Data Engineer,Lead,Germany,123700
Data Engineer,Lead,Hungary,52800
Data Engineer,Lead,Iceland,141000
Data Engineer,Lead,Ireland,114500
Data Engineer,Lead,Italy,87600
Data Engineer,Lead,Latvia,46800
Data Engineer,Lead,Liechtenstein,131300
Data Engineer,Lead,Lithuania,49800
Data Engineer,Lead,Luxembourg,150400
Data Engineer,Lead,Malta,72200
Data Engineer,Lead,Monaco,97500
Data Engineer,Lead,Netherlands,109800
Data Engineer,Lead,Norway,113000
Data Engineer,Lead,Poland,73700
Data Engineer,Lead,Portugal,66300
Data Engineer,Lead,San Marino,71500
Data Engineer,Lead,Slovakia,56000
Data Engineer,Lead,Slovenia,69600
Data Engineer,Lead,Spain,84200
Data Engineer,Lead,Sweden,87000
Data Engineer,Lead,Switzerland,173900
Data Engineer,Lead,United Kingdom,108000
Research Engineer,Junior,US,77400
Research Engineer,Junior,EU,46100
Research Engineer,Junior,Worldwide,50100
Research Engineer,Junior,Canada,56000
Research Engineer,Junior,UAE,53300
Research Engineer,Junior,Thailand,22800
Research Engineer,Junior,Costa Rica,47500
Research Engineer,Junior,Andorra,32200
Research Engineer,Junior,Austria,57500
Research Engineer,Junior,Belgium,63300
Research Engineer,Junior,Croatia,25100
Research Engineer,Junior,Czechia,34100
Research Engineer,Junior,Denmark,63600
Research Engineer,Junior,Estonia,28800
Research Engineer,Junior,Finland,60200
Research Engineer,Junior,France,53500
Research Engineer,Junior,Germany,67200
Research Engineer,Junior,Hungary,28600
Research Engineer,Junior,Iceland,76100
Research Engineer,Junior,Ireland,62000
Research Engineer,Junior,Italy,47600
Research Engineer,Junior,Latvia,25400
Research Engineer,Junior,Liechtenstein,71400
Research Engineer,Junior,Lithuania,27000
Research Engineer,Junior,Luxembourg,81700
Research Engineer,Junior,Malta,39300
Research Engineer,Junior,Monaco,53000
Research Engineer,Junior,Netherlands,59700
Research Engineer,Junior,Norway,61400
Research Engineer,Junior,Poland,39900
Research Engineer,Junior,Portugal,36100
Research Engineer,Junior,San Marino,38900
Research Engineer,Junior,Slovakia,30500
Research Engineer,Junior,Slovenia,36100
Research Engineer,Junior,Spain,45800
Research Engineer,Junior,Sweden,47400
Research Engineer,Junior,Switzerland,94800
Research Engineer,Junior,United Kingdom,58700
Research Engineer,Mid,US,110600
Research Engineer,Mid,EU,65700
Research Engineer,Mid,Worldwide,71400
Research Engineer,Mid,Canada,80000
Research Engineer,Mid,UAE,75800
Research Engineer,Mid,Thailand,32300
Research Engineer,Mid,Costa Rica,67400
Research Engineer,Mid,Andorra,46100
Research Engineer,Mid,Austria,82200
Research Engineer,Mid,Belgium,90600
Research Engineer,Mid,Croatia,36000
Research Engineer,Mid,Czechia,48700
Research Engineer,Mid,Denmark,90900
Research Engineer,Mid,Estonia,41200
Research Engineer,Mid,Finland,86200
Research Engineer,Mid,France,76400
Research Engineer,Mid,Germany,96100
Research Engineer,Mid,Hungary,40700
Research Engineer,Mid,Iceland,108500
Research Engineer,Mid,Ireland,88600
Research Engineer,Mid,Italy,68100
Research Engineer,Mid,Latvia,36100
Research Engineer,Mid,Liechtenstein,100700
Research Engineer,Mid,Lithuania,38300
Research Engineer,Mid,Luxembourg,116800
Research Engineer,Mid,Malta,56400
Research Engineer,Mid,Monaco,75800
Research Engineer,Mid,Netherlands,85400
Research Engineer,Mid,Norway,87800
Research Engineer,Mid,Poland,57000
Research Engineer,Mid,Portugal,51700
Research Engineer,Mid,San Marino,55600
Research Engineer,Mid,Slovakia,43600
Research Engineer,Mid,Slovenia,46900
Research Engineer,Mid,Spain,65600
Research Engineer,Mid,Sweden,67700
Research Engineer,Mid,Switzerland,135800
Research Engineer,Mid,United Kingdom,83900
Research Engineer,Senior,US,125500
Research Engineer,Senior,EU,74600
Research Engineer,Senior,Worldwide,81100
Research Engineer,Senior,Canada,90500
Research Engineer,Senior,UAE,87000
Research Engineer,Senior,Thailand,37200
Research Engineer,Senior,Costa Rica,77600
Research Engineer,Senior,Andorra,52000
Research Engineer,Senior,Austria,92900
Research Engineer,Senior,Belgium,102100
Research Engineer,Senior,Croatia,40400
Research Engineer,Senior,Czechia,55000
Research Engineer,Senior,Denmark,102600
Research Engineer,Senior,Estonia,46800
Research Engineer,Senior,Finland,97100
Research Engineer,Senior,France,86300
Research Engineer,Senior,Germany,108600
Research Engineer,Senior,Hungary,46400
Research Engineer,Senior,Iceland,123800
Research Engineer,Senior,Ireland,100600
Research Engineer,Senior,Italy,76900
Research Engineer,Senior,Latvia,41100
Research Engineer,Senior,Liechtenstein,115300
Research Engineer,Senior,Lithuania,43700
Research Engineer,Senior,Luxembourg,132100
Research Engineer,Senior,Malta,63400
Research Engineer,Senior,Monaco,85600
Research Engineer,Senior,Netherlands,96400
Research Engineer,Senior,Norway,99200
Research Engineer,Senior,Poland,64700
Research Engineer,Senior,Portugal,58200
Research Engineer,Senior,San Marino,62800
Research Engineer,Senior,Slovakia,49200
Research Engineer,Senior,Slovenia,61100
Research Engineer,Senior,Spain,73900
Research Engineer,Senior,Sweden,76500
Research Engineer,Senior,Switzerland,152800
Research Engineer,Senior,United Kingdom,94800
Research Engineer,Lead,US,144400
Research Engineer,Lead,EU,85800
Research Engineer,Lead,Worldwide,93300
Research Engineer,Lead,Canada,104100
Research Engineer,Lead,UAE,100000
Research Engineer,Lead,Thailand,42800
Research Engineer,Lead,Costa Rica,89200
Research Engineer,Lead,Andorra,59800
Research Engineer,Lead,Austria,106800
Research Engineer,Lead,Belgium,117500
Research Engineer,Lead,Croatia,46500
Research Engineer,Lead,Czechia,63300
Research Engineer,Lead,Denmark,118000
Research Engineer,Lead,Estonia,53800
Research Engineer,Lead,Finland,111700
Research Engineer,Lead,France,99300
Research Engineer,Lead,Germany,124900
Research Engineer,Lead,Hungary,53300
Research Engineer,Lead,Iceland,142400
Research Engineer,Lead,Ireland,115700
Research Engineer,Lead,Italy,88400
Research Engineer,Lead,Latvia,47300
Research Engineer,Lead,Liechtenstein,132600
Research Engineer,Lead,Lithuania,50300
Research Engineer,Lead,Luxembourg,151900
Research Engineer,Lead,Malta,72900
Research Engineer,Lead,Monaco,98400
Research Engineer,Lead,Netherlands,110900
Research Engineer,Lead,Norway,114100
Research Engineer,Lead,Poland,74500
Research Engineer,Lead,Portugal,66900
Research Engineer,Lead,San Marino,72200
Research Engineer,Lead,Slovakia,56600
Research Engineer,Lead,Slovenia,70300
Research Engineer,Lead,Spain,85000
Research Engineer,Lead,Sweden,87900
Research Engineer,Lead,Switzerland,175700
Research Engineer,Lead,United Kingdom,109100
Mechanical Engineer,Junior,US,71300
Mechanical Engineer,Junior,EU,42500
Mechanical Engineer,Junior,Worldwide,46100
Mechanical Engineer,Junior,Canada,51600
Mechanical Engineer,Junior,UAE,49100
Mechanical Engineer,Junior,Thailand,21000
Mechanical Engineer,Junior,Costa Rica,43700
Mechanical Engineer,Junior,Andorra,29700
Mechanical Engineer,Junior,Austria,53000
Mechanical Engineer,Junior,Belgium,58300
Mechanical Engineer,Junior,Croatia,23100
Mechanical Engineer,Junior,Czechia,31400
Mechanical Engineer,Junior,Denmark,58600
Mechanical Engineer,Junior,Estonia,26600
Mechanical Engineer,Junior,Finland,55500
Mechanical Engineer,Junior,France,49200
Mechanical Engineer,Junior,Germany,61900
Mechanical Engineer,Junior,Hungary,26300
Mechanical Engineer,Junior,Iceland,70100
Mechanical Engineer,Junior,Ireland,57100
Mechanical Engineer,Junior,Italy,43900
Mechanical Engineer,Junior,Latvia,23300
Mechanical Engineer,Junior,Liechtenstein,65700
Mechanical Engineer,Junior,Lithuania,24800
Mechanical Engineer,Junior,Luxembourg,75300
Mechanical Engineer,Junior,Malta,36200
Mechanical Engineer,Junior,Monaco,48800
Mechanical Engineer,Junior,Netherlands,55000
Mechanical Engineer,Junior,Norway,56600
Mechanical Engineer,Junior,Poland,36800
Mechanical Engineer,Junior,Portugal,33200
Mechanical Engineer,Junior,San Marino,35800
Mechanical Engineer,Junior,Slovakia,28100
Mechanical Engineer,Junior,Slovenia,33300
Mechanical Engineer,Junior,Spain,42200
Mechanical Engineer,Junior,Sweden,43600
Mechanical Engineer,Junior,Switzerland,87300
Mechanical Engineer,Junior,United Kingdom,54100
Mechanical Engineer,Mid,US,101800
Mechanical Engineer,Mid,EU,60500
Mechanical Engineer,Mid,Worldwide,65800
Mechanical Engineer,Mid,Canada,73700
Mechanical Engineer,Mid,UAE,69800
Mechanical Engineer,Mid,Thailand,29800
Mechanical Engineer,Mid,Costa Rica,62100
Mechanical Engineer,Mid,Andorra,42400
Mechanical Engineer,Mid,Austria,75700
Mechanical Engineer,Mid,Belgium,83400
Mechanical Engineer,Mid,Croatia,33100
Mechanical Engineer,Mid,Czechia,44900
Mechanical Engineer,Mid,Denmark,83700
Mechanical Engineer,Mid,Estonia,37900
Mechanical Engineer,Mid,Finland,79400
Mechanical Engineer,Mid,France,70400
Mechanical Engineer,Mid,Germany,88500
Mechanical Engineer,Mid,Hungary,37500
Mechanical Engineer,Mid,Iceland,99900
Mechanical Engineer,Mid,Ireland,81500
Mechanical Engineer,Mid,Italy,62700
Mechanical Engineer,Mid,Latvia,33200
Mechanical Engineer,Mid,Liechtenstein,92700
Mechanical Engineer,Mid,Lithuania,35300
Mechanical Engineer,Mid,Luxembourg,107500
Mechanical Engineer,Mid,Malta,51900
Mechanical Engineer,Mid,Monaco,69800
Mechanical Engineer,Mid,Netherlands,78600
Mechanical Engineer,Mid,Norway,80800
Mechanical Engineer,Mid,Poland,52500
Mechanical Engineer,Mid,Portugal,47600
Mechanical Engineer,Mid,San Marino,51200
Mechanical Engineer,Mid,Slovakia,40100
Mechanical Engineer,Mid,Slovenia,43200
Mechanical Engineer,Mid,Spain,60400
Mechanical Engineer,Mid,Sweden,62300
Mechanical Engineer,Mid,Switzerland,125000
Mechanical Engineer,Mid,United Kingdom,77200
Mechanical Engineer,Senior,US,115600
Mechanical Engineer,Senior,EU,68700
Mechanical Engineer,Senior,Worldwide,74700
Mechanical Engineer,Senior,Canada,83300
Mechanical Engineer,Senior,UAE,80100
Mechanical Engineer,Senior,Thailand,34300
Mechanical Engineer,Senior,Costa Rica,71400
Mechanical Engineer,Senior,Andorra,47900
Mechanical Engineer,Senior,Austria,85500
Mechanical Engineer,Senior,Belgium,94100
Mechanical Engineer,Senior,Croatia,37200
Mechanical Engineer,Senior,Czechia,50700
Mechanical Engineer,Senior,Denmark,94500
Mechanical Engineer,Senior,Estonia,43100
Mechanical Engineer,Senior,Finland,89400
Mechanical Engineer,Senior,France,79500
Mechanical Engineer,Senior,Germany,100000
Mechanical Engineer,Senior,Hungary,42700
Mechanical Engineer,Senior,Iceland,114000
Mechanical Engineer,Senior,Ireland,92600
Mechanical Engineer,Senior,Italy,70800
Mechanical Engineer,Senior,Latvia,37900
Mechanical Engineer,Senior,Liechtenstein,106200
Mechanical Engineer,Senior,Lithuania,40300
Mechanical Engineer,Senior,Luxembourg,121600
Mechanical Engineer,Senior,Malta,58400
Mechanical Engineer,Senior,Monaco,78800
Mechanical Engineer,Senior,Netherlands,88800
Mechanical Engineer,Senior,Norway,91400
Mechanical Engineer,Senior,Poland,59600
Mechanical Engineer,Senior,Portugal,53600
Mechanical Engineer,Senior,San Marino,57800
Mechanical Engineer,Senior,Slovakia,45300
Mechanical Engineer,Senior,Slovenia,56300
Mechanical Engineer,Senior,Spain,68100
Mechanical Engineer,Senior,Sweden,70400
Mechanical Engineer,Senior,Switzerland,140700
Mechanical Engineer,Senior,United Kingdom,87300
Mechanical Engineer,Lead,US,132900
Mechanical Engineer,Lead,EU,79000
Mechanical Engineer,Lead,Worldwide,85900
Mechanical Engineer,Lead,Canada,95800
Mechanical Engineer,Lead,UAE,92100
Mechanical Engineer,Lead,Thailand,39400
Mechanical Engineer,Lead,Costa Rica,82100
Mechanical Engineer,Lead,Andorra,55100
Mechanical Engineer,Lead,Austria,98300
Mechanical Engineer,Lead,Belgium,108200
Mechanical Engineer,Lead,Croatia,42800
Mechanical Engineer,Lead,Czechia,58300
Mechanical Engineer,Lead,Denmark,108700
Mechanical Engineer,Lead,Estonia,49600
Mechanical Engineer,Lead,Finland,102900
Mechanical Engineer,Lead,France,91400
Mechanical Engineer,Lead,Germany,115000
Mechanical Engineer,Lead,Hungary,49100
Mechanical Engineer,Lead,Iceland,131100
Mechanical Engineer,Lead,Ireland,106500
Mechanical Engineer,Lead,Italy,81400
Mechanical Engineer,Lead,Latvia,43600
Mechanical Engineer,Lead,Liechtenstein,122100
Mechanical Engineer,Lead,Lithuania,46300
Mechanical Engineer,Lead,Luxembourg,139800
Mechanical Engineer,Lead,Malta,67100
Mechanical Engineer,Lead,Monaco,90600
Mechanical Engineer,Lead,Netherlands,102100
Mechanical Engineer,Lead,Norway,105100
Mechanical Engineer,Lead,Poland,68600
Mechanical Engineer,Lead,Portugal,61600
Mechanical Engineer,Lead,San Marino,66500
Mechanical Engineer,Lead,Slovakia,52100
Mechanical Engineer,Lead,Slovenia,64700
Mechanical Engineer,Lead,Spain,78300
Mechanical Engineer,Lead,Sweden,81000
Mechanical Engineer,Lead,Switzerland,161800
Mechanical Engineer,Lead,United Kingdom,100400
